{"cameraMode":{"drawMode":0,"name":"Shaded","section":"Shading Mode"},"sceneLighting":false,"audioPlay":false,"sceneViewState":{"showFog":true,"showMaterialUpdate":false,"showSkybox":true,"showFlares":true,"showImageEffects":true,"showParticleSystems":true},"in2DMode":false,"pivot":{"x":15.487329483032227,"y":9.930879592895508,"z":-3.389253616333008},"rotation":{"x":0.023975394666194917,"y":0.975969672203064,"z":-0.14781254529953004,"w":0.15830357372760774},"size":3.5040807723999025,"orthographic":false}