{"cameraMode":{"drawMode":0,"name":"Shaded","section":"Shading Mode"},"sceneLighting":false,"audioPlay":false,"sceneViewState":{"showFog":true,"showMaterialUpdate":false,"showSkybox":true,"showFlares":true,"showImageEffects":true,"showParticleSystems":true},"in2DMode":false,"pivot":{"x":0.9016933441162109,"y":1.1945719718933106,"z":4.852415561676025},"rotation":{"x":-0.31392452120780947,"y":0.38465309143066409,"z":-0.1409805566072464,"w":-0.8565163016319275},"size":10.983736991882325,"orthographic":false}