{"cameraMode":{"drawMode":0,"name":"Shaded","section":"Shading Mode"},"sceneLighting":false,"audioPlay":false,"sceneViewState":{"showFog":true,"showMaterialUpdate":false,"showSkybox":true,"showFlares":true,"showImageEffects":true,"showParticleSystems":true},"in2DMode":false,"pivot":{"x":5.521651744842529,"y":0.9666765332221985,"z":107.40831756591797},"rotation":{"x":0.7036930918693543,"y":0.01811264455318451,"z":-0.017946796491742135,"w":0.7100545167922974},"size":444.3919982910156,"orthographic":true}